Model,RMSE,R2
Random Forest,5.2567942580548985,0.6209363723131047
XGBoost,3.369443684970892,0.8442648808952871
LSTM,0.0046,-0.1189